player_id,name,position,pro_team,projected_points
3916387,Lamar Jackson,QB,BAL,413.4855
3918298,Josh Allen,QB,BUF,402.327
4426348,Jayden Daniels,QB,WSH,379.41125
4040715,Jalen Hurts,QB,PHI,341.33674999999994
4689114,Jaxson Dart,QB,NYG,337.96
4374302,Amon-Ra St. Brown,WR,DET,328.98425
3915511,Joe Burrow,QB,CIN,323.37249999999995
4362628,Ja'Marr Chase,WR,CIN,320.27425000000005
3139477,Patrick Mahomes,QB,KC,312.954
3052587,Baker Mayfield,QB,TB,308.815
4360689,Tyler Shough,QB,NO,305.23
4426515,Puka Nacua,WR,LAR,305.0519999999999
4241389,CeeDee Lamb,WR,DAL,303.844
4426338,Bo Nix,QB,DEN,301.77874999999995
3046779,Jared Goff,QB,DET,300.6715
4262921,Justin Jefferson,WR,MIN,298.94675
3912547,Sam Darnold,QB,SEA,285.7097499999999
4038941,Justin Herbert,QB,LAC,285.563
4379399,James Cook III,RB,BUF,280.18
4890973,Ashton Jeanty,RB,LV,280.1
4361741,Brock Purdy,QB,SF,277.4665000000001
4870808,Jeremiyah Love,RB,ARI,277.46
4036378,Jordan Love,QB,GB,275.2975
4430878,Jaxon Smith-Njigba,WR,SEA,273.8255
12483,Matthew Stafford,QB,LAR,271.28825
4431611,Caleb Williams,QB,CHI,271.227
15864,Geno Smith,QB,NYJ,267.92175000000003
4429795,Jahmyr Gibbs,RB,DET,266.5374999999999
3917315,Kyler Murray,QB,MIN,262.2415
4685382,Omarion Hampton,RB,LAC,261.48
4431452,Drake Maye,QB,NE,257.88699999999994
4688380,Cam Ward,QB,TEN,257.47
4362238,Chase Brown,RB,CIN,255.99450000000002
3915416,DJ Moore,WR,BUF,251.5595
4429160,De'Von Achane,RB,MIA,250.92600000000002
3917792,Daniel Jones,QB,IND,250.50349999999997
4432577,C.J. Stroud,QB,HOU,247.0147499999999
4427366,Breece Hall,RB,NYJ,244.05300000000005
3121422,Terry McLaurin,WR,WSH,242.54974999999973
4242335,Jonathan Taylor,RB,IND,241.79074999999995
4430807,Bijan Robinson,RB,ATL,240.3905
8439,Aaron Rodgers,QB,PIT,239.62449999999993
4685472,Tetairoa McMillan,WR,CAR,236.34
4569618,Garrett Wilson,WR,NYJ,234.25674999999998
16800,Davante Adams,WR,LAR,233.26325000000003
4696981,Cam Skattebo,RB,NYG,233.15
4360310,Trevor Lawrence,QB,JAX,232.95625
4258173,Nico Collins,WR,HOU,232.555
3117251,Christian McCaffrey,RB,SF,230.18150000000003
4567750,Emeka Egbuka,WR,TB,228.45
4567048,Kenneth Walker III,RB,KC,227.889
4685702,Quinshon Judkins,RB,CLE,226.43
4429615,Zay Flowers,WR,BAL,226.33300000000003
4047646,A.J. Brown,WR,NE,224.27
2577417,Dak Prescott,QB,DAL,224.05700000000002
4035538,David Montgomery,RB,HOU,223.18849999999998
4241478,DeVonta Smith,WR,PHI,223.14800000000002
4239993,Tee Higgins,WR,CIN,220.25825000000003
4259545,D'Andre Swift,RB,CHI,219.0095
4837248,Fernando Mendoza,QB,LV,217.38
3929630,Saquon Barkley,RB,PHI,217.15874999999997
4596448,Bucky Irving,RB,TB,215.78650000000005
3128429,Courtland Sutton,WR,DEN,214.19250000000005
4426388,Jameson Williams,WR,DET,213.56549999999996
4047365,Josh Jacobs,RB,GB,212.82449999999994
4432665,Brock Bowers,TE,LV,209.589
4241416,Chuba Hubbard,RB,CAR,208.97824999999997
4431459,Tyler Warren,TE,IND,208.44
4426502,Drake London,WR,ATL,207.74775
4723086,Colston Loveland,TE,CHI,205.36
4882093,Bhayshul Tuten,RB,JAX,204.98
4595348,Malik Nabers,WR,NYG,204.44725
4685278,Luther Burden III,WR,CHI,204.41
4432708,Marvin Harrison Jr.,WR,ARI,204.10699999999997
4426354,George Pickens,WR,DAL,203.04225000000002
4361307,Trey McBride,TE,ARI,202.44
4871023,Carnell Tate,WR,TEN,202.3
3043078,Derrick Henry,RB,BAL,200.08824999999996
4239996,Travis Etienne Jr.,RB,NO,197.863
4685720,Bryce Young,QB,CAR,196.93825000000004
4432710,TreVeyon Henderson,RB,NE,196.11
4429205,Jordan Addison,WR,MIN,194.878
4685512,Jadarian Price,RB,SEA,193.97
4430737,Kyren Williams,RB,LAR,193.03224999999998
3042519,Aaron Jones Sr.,RB,MIN,192.88150000000007
3916433,Jakobi Meyers,WR,JAX,189.38450000000006
3040151,George Kittle,TE,SF,188.476
3054850,Alvin Kamara,RB,NO,188.23450000000003
5083076,Harold Fannin Jr.,TE,CLE,186.8
4372016,Jaylen Waddle,WR,DEN,186.22224999999997
4432773,Brian Thomas Jr.,WR,JAX,185.93300000000005
4038815,Rico Dowdle,RB,PIT,184.9915000000001
4612826,Ladd McConkey,WR,LAC,184.89474999999996
3916148,Tony Pollard,RB,TEN,184.71850000000006
4428331,Rashee Rice,WR,KC,184.08800000000002
4241463,Jerry Jeudy,WR,CLE,183.941
4701936,Matthew Golden,WR,GB,183.82
16737,Mike Evans,WR,SF,182.88450000000003
4047650,DK Metcalf,WR,PIT,182.29550000000006
4242512,Malik Willis,QB,MIA,180.536
15847,Travis Kelce,TE,KC,180.41399999999996
3886598,Jauan Jennings,WR,MIN,180.02300000000002
4569987,Jaylen Warren,RB,PIT,179.41949999999994
4683062,Xavier Worthy,WR,KC,178.00299999999996
4371733,Kenny Gainwell,RB,TB,177.66
3925357,Calvin Ridley,WR,TEN,176.97024999999996
4241479,Tua Tagovailoa,QB,ATL,176.82125000000002
4361579,Javonte Williams,RB,DAL,176.72
4608686,Kyle Monangai,RB,CHI,175.51
4569173,Rhamondre Stevenson,RB,NE,174.37425000000005
4373678,Khalil Shakir,WR,BUF,174.24725
4431299,Rome Odunze,WR,CHI,173.29199999999997
4430027,Sam LaPorta,TE,DET,172.57149999999996
4360248,Kyle Pitts Sr.,TE,ATL,171.15999999999997
4241985,J.K. Dobbins,RB,DEN,170.65050000000008
3116165,Chris Godwin Jr.,WR,TB,168.9595
4688813,Josh Downs,WR,IND,168.95300000000003
4361370,Chris Olave,WR,NO,167.7325
3953687,Brandon Aubrey,K,DAL,166.6
4572680,Tucker Kraft,TE,GB,163.26749999999998
4697815,Rachaad White,RB,WSH,162.30100000000004
4035687,Michael Pittman Jr.,WR,PIT,161.54275
4575131,Jacory Croskey-Merritt,RB,WSH,158.16
4362081,Cameron Dicker,K,LAC,156.89
2578570,Jacoby Brissett,QB,ARI,156.68625000000003
4362249,Jayden Reed,WR,GB,156.50499999999997
4574716,Harrison Mevis,K,LAR,156.34
2977187,Cooper Kupp,WR,SEA,155.33024999999998
2473037,Jason Myers,K,SEA,154.78
4870795,Makai Lemon,WR,PHI,154.27
4360078,Alec Pierce,WR,IND,154.13049999999998
5083315,Kenyon Sadiq,TE,NYJ,153.41
2971573,Ka'imi Fairbairn,K,HOU,153.09
4569587,Wan'Dale Robinson,WR,TEN,152.834
4870653,KC Concepcion,WR,CLE,152.53
4034949,Eddy Pineiro,K,SF,150.97
3929645,Juwan Johnson,TE,NO,150.60999999999993
4248528,Christian Watson,WR,GB,148.9625
4568490,RJ Harvey,RB,DEN,148.16
4360516,Tyrone Tracy Jr.,RB,NYG,147.52349999999996
3121023,Dallas Goedert,TE,PHI,146.13749999999996
3055899,Harrison Butker,K,KC,145.69
3116365,Mark Andrews,TE,BAL,145.34049999999996
4360569,Jordan Mason,RB,MIN,145.27250000000004
4697745,Tyler Loop,K,BAL,143.69
4689936,Jake Bates,K,DET,143.31
4686361,Cam Little,K,JAX,143.09
4869461,Trey Smack,K,GB,141.98
4243331,Cade Otton,TE,TB,141.2549999999999
17427,Cairo Santos,K,CHI,141.22
4877706,Jayden Higgins,WR,HOU,140.92
3046439,Hunter Henry,TE,NE,140.14325
4832800,Denzel Boston,WR,CLE,140.12
4361411,Pat Freiermuth,TE,PIT,139.43649999999997
4360234,Evan McPherson,K,CIN,139.36
4360939,Rashod Bateman,WR,BAL,138.5999999999999
17372,Chris Boswell,K,PIT,138.44
3150744,Chase McLaughlin,K,TB,138.23
4567104,Will Reichard,K,MIN,138.13
3126486,Deebo Samuel Sr.,WR,SF,137.6775
10621,Nick Folk,K,ATL,136.56
4570037,Terrance Ferguson,TE,LAR,135.81
5208518,Charlie Smyth,K,NO,135.47
4040655,Darnell Mooney,WR,NYG,135.094
3917232,Tyler Bass,K,BUF,134.94
3116385,Joe Mixon,RB,,134.83124999999995
5082424,Dominic Zvada,K,NYG,134.78
4695883,Jalen Coker,WR,CAR,134.50399999999996
3050478,Jake Elliott,K,PHI,134.17
2985659,Wil Lutz,K,DEN,133.75
4429025,Quentin Johnston,WR,LAC,133.1305
4259619,Blake Grupe,K,IND,131.39
2976212,Stefon Diggs,WR,WSH,131.26375000000002
4710714,De'Zhaun Stribling,WR,SF,129.82
4036133,T.J. Hockenson,TE,MIN,129.54699999999997
4432620,Parker Washington,WR,JAX,128.83800000000002
4361050,Isaiah Likely,TE,NYG,128.605
4569923,Andy Borregales,K,NE,127.87
4360761,Michael Wilson,WR,ARI,127.58274999999998
4429059,Woody Marks,RB,HOU,127.56
16757,Derek Carr,QB,NO,126.74150000000003
4686728,Gunnar Helm,TE,TEN,126.09
3124679,Jason Sanders,K,NYJ,125.11
4032473,Rashid Shaheed,WR,SEA,124.76025000000001
4430834,Jalen McMillan,WR,TB,124.56275
4243371,Riley Patterson,K,MIA,124.45
3123076,David Njoku,TE,LAC,124.10949999999997
4249087,Matt Gay,K,LV,123.67
4568263,Ryan Fitzgerald,K,CAR,121.96
4242355,Jake Ferguson,TE,DAL,121.61799999999998
3124084,Joey Slye,K,TEN,121.56
4363538,Chad Ryland,K,ARI,120.9
4428557,Tyjae Spears,RB,TEN,120.21799999999999
4430539,Brenton Strange,TE,JAX,119.42200000000003
4258620,Andre Szmyt,K,CLE,119.08
3117256,Dalton Schultz,TE,HOU,119.00599999999999
4385690,Dalton Kincaid,TE,BUF,117.40399999999997
4426385,Zach Charbonnet,RB,SEA,117.18600000000004
4361432,Romeo Doubs,WR,NE,117.06875000000001
4366031,Tank Dell,WR,HOU,116.02950000000004
4685415,Travis Hunter,WR,JAX,114.8
4869645,Caleb Douglas,WR,MIA,114.67
2576925,Darren Waller,TE,CAR,114.32
4432762,Shedeur Sanders,QB,CLE,113.2
4429096,Blake Corum,RB,LAR,108.99800000000002
4241474,Brian Robinson Jr.,RB,ATL,108.33624999999996
3116406,Tyreek Hill,WR,,108.0835
4685261,Germie Bernard,WR,PIT,107.94
4597500,Adonai Mitchell,WR,NYJ,107.66475
4569559,Devaughn Vele,WR,NO,106.92749999999998
14880,Kirk Cousins,QB,LV,106.02325000000002
3116164,Mike Gesicki,TE,CIN,105.62875
4241457,Najee Harris,RB,,105.00150000000004
4382466,Jalen Nailor,WR,LV,103.62424999999999
3051876,Evan Engram,TE,DEN,102.92899999999999
4428718,Tre Tucker,WR,LV,102.86399999999998
4360423,Michael Penix Jr.,QB,ATL,102.2725
4240472,Noah Gray,TE,KC,101.76449999999991
4678008,Jonathon Brooks,RB,CAR,101.62650000000002
4870847,Ja'Kobi Lane,WR,BAL,100.04
4880281,Jordyn Tyson,WR,NO,99.45
3045147,James Conner,RB,ARI,98.76400000000001
15818,Keenan Allen,WR,,98.63674999999999
4038441,Justice Hill,RB,BAL,97.93400000000003
4249417,Jalen Tolbert,WR,MIA,95.92649999999999
3916945,Darius Slayton,WR,NYG,94.63899999999995
4360635,Chig Okonkwo,TE,WSH,94.44625000000002
3122840,Deshaun Watson,QB,CLE,93.30524999999999
3054212,Jonnu Smith,TE,,93.05850000000001
4373626,Tyler Allgeier,RB,ARI,92.45625
3116389,Samaje Perine,RB,CIN,91.88799999999998
4427095,DeMario Douglas,WR,NE,91.88749999999999
4362887,Justin Fields,QB,KC,91.86749999999998
3915411,Ty Johnson,RB,BUF,90.36425
4686612,Tre' Harris,WR,LAC,89.85
4429084,Anthony Richardson Sr.,QB,IND,88.91125000000002
14881,Russell Wilson,QB,,87.59325000000003
4361529,Isiah Pacheco,RB,DET,86.49100000000001
4430034,Xavier Legette,WR,CAR,86.1485
4576297,AJ Barner,TE,SEA,86.077
3929785,Nick Westbrook-Ikhine,WR,IND,85.88250000000002
4428850,Dontayvion Wicks,WR,PHI,85.87424999999999
4429022,Kayshon Boutte,WR,NE,85.04050000000001
5081397,Dylan Sampson,RB,CLE,84.75
4429501,Ray Davis,RB,BUF,83.71625
2969939,Jameis Winston,QB,NYG,83.30625000000003
4870612,Zachariah Branch,WR,ATL,80.38
4361577,Dyami Brown,WR,WSH,80.34450000000002
4686472,Marvin Mims Jr.,WR,DEN,80.10275000000001
4367209,Greg Dulcich,TE,MIA,79.23139999999998
4431280,Troy Franklin,WR,DEN,78.15150000000001
4595342,Oronde Gadsden,TE,LAC,77.11
4685247,Braelon Allen,RB,NYJ,76.895
5081432,Antonio Williams,WR,WSH,76.57
4258595,Cole Kmet,TE,CHI,76.10549999999998
4360797,Tutu Atwell,WR,MIA,75.48199999999997
2972515,Cooper Rush,QB,ATL,74.75800000000005
4586312,Jaylin Noel,WR,HOU,74.08
4702555,Jonah Coleman,RB,DEN,73.61
4241464,Mac Jones,QB,SF,73.21425
4569603,Malik Washington,WR,MIA,73.15849999999999
4600981,Pat Bryant,WR,DEN,72.8
5123663,Isaac TeSlaa,WR,DET,72.79
4429148,Theo Johnson,TE,NYG,72.78
4038524,Gardner Minshew II,QB,ARI,72.30075000000002
15835,Zach Ertz,TE,,72.02699999999997
3059915,Kareem Hunt,RB,,70.90474999999998
4429013,Tank Bigsby,RB,PHI,70.75849999999998
3676833,KaVontae Turpin,WR,DAL,69.53025
4361409,Jahan Dotson,WR,ATL,69.448
4036131,Noah Fant,TE,NO,69.44349999999997
2468609,Taysom Hill,TE,,68.52549999999995
4362619,Chris Rodriguez Jr.,RB,JAX,67.41499999999999
4723820,Omar Cooper Jr.,WR,NYJ,67.06
4242557,Colby Parkinson,TE,LAR,66.7405
2573401,Tyler Higbee,TE,LAR,66.61149999999995
4430802,Darnell Washington,TE,PIT,65.825
4603186,Jack Bech,WR,LV,65.45
4808766,Mason Taylor,TE,NYJ,65.43
4372414,Elijah Moore,WR,PHI,65.26124999999999
3068267,Austin Ekeler,RB,,65.01399999999998
5220680,Ted Hurst III,WR,TB,64.49
4597703,Tory Horton,WR,SEA,64.24
4686658,Mike Washington Jr.,RB,LV,64.01
4240021,Cam Akers,RB,,63.778
3043116,Demarcus Robinson,WR,SF,63.75975000000002
5083754,Ryan Flournoy,WR,DAL,63.54949999999998
4635008,Keon Coleman,WR,BUF,63.278499999999994
4372019,Jerome Ford,RB,WSH,63.1435
4361418,Will Levis,QB,TEN,62.71825
3043275,Austin Hooper,TE,ATL,62.49399999999999
16460,Adam Thielen,WR,PIT,62.15575000000004
4360294,Antonio Gibson,RB,,61.06649999999999
4685397,Jordan James,RB,SF,60.77
3843945,Foster Moreau,TE,HOU,60.467999999999975
4869961,Chris Bell,WR,MIA,60.4
4695404,Isaiah Davis,RB,NYJ,60.31950000000002
4678006,Elijah Arroyo,TE,SEA,60.2
4260394,Aidan O'Connell,QB,LV,59.45300000000006
11252,Joe Flacco,QB,CIN,59.44
4431487,Savion Williams,WR,GB,59.12
4682648,Malachi Fields,WR,NYG,58.94
4569382,Jordan Whittington,WR,LAR,58.932500000000026
4368003,Andrei Iosivas,WR,CIN,57.96274999999999
4596334,Keaton Mitchell,RB,LAC,57.5685
4061956,Ashton Dulin,WR,IND,57.461
4372561,Isaac Guerendo,RB,SF,57.12199999999998
4429023,MarShawn Lloyd,RB,GB,56.85353333333333
4360238,Dameon Pierce,RB,PHI,56.84500000000005
3917914,Olamide Zaccheaus,WR,ATL,56.505750000000006
3930086,Dawson Knox,TE,BUF,56.134499999999996
4685279,Jaydon Blue,RB,DAL,54.58
4429086,Michael Mayer,TE,LV,54.3225
4426844,Elijah Higgins,TE,ARI,53.95899999999999
3116407,Mason Rudolph,QB,PIT,52.62250000000001
4887558,Emanuel Wilson,RB,SEA,52.48124999999999
4240657,Michael Carter,RB,TEN,50.83100000000003
4722893,Jaleel McLaughlin,RB,DEN,50.63975000000001
4036419,Skylar Thompson,QB,BAL,49.94624999999997
3051738,Marquez Valdes-Scantling,WR,DAL,49.836500000000015
4372096,Luke Schoonmaker,TE,DAL,49.02250000000001
4040761,Devin Singletary,RB,NYG,48.684
2976499,Amari Cooper,WR,LV,48.64550000000001
3039707,Mitchell Trubisky,QB,TEN,48.48349999999999
4383351,Trey Lance,QB,LAC,48.27549999999998
4212909,David Moore,WR,CAR,48.161499999999975
4362921,Tyquan Thornton,WR,KC,47.9945
2576336,Ameer Abdullah,RB,JAX,47.924749999999996
5150247,Malik Benson,WR,LV,47.9
4362478,Emari Demercado,RB,KC,47.742999999999995
3045523,Kendrick Bourne,WR,ARI,47.2265
2577327,Tyler Lockett,WR,,46.97624999999999
4430968,Kimani Vidal,RB,LAC,46.90200000000003
4427834,Erick All Jr.,TE,CIN,46.61549999999998
4386544,Xavier Smith,WR,LAR,45.97850000000002
4682745,Jaylen Wright,RB,MIA,45.716000000000015
2576980,Marcus Mariota,QB,WSH,45.59075
4372780,Tommy Tremble,TE,CAR,45.319500000000026
4686422,Xavier Hutchinson,WR,HOU,45.21999999999999
4832955,Emmett Johnson,RB,KC,45.04
4911851,LeQuint Allen Jr.,RB,JAX,44.75
4433970,J.J. McCarthy,QB,MIN,44.72
4426339,Spencer Rattler,QB,NO,44.56149999999997
4036335,Cedrick Wilson Jr.,WR,DET,44.52399999999999
2973405,Kalif Raymond,WR,CHI,44.36150000000001
4242433,Joshua Palmer,WR,BUF,44.23
4242546,Davis Mills,QB,HOU,44.11224999999999
3895856,Christian Kirk,WR,SF,43.7965
4912218,Cyrus Allen,WR,KC,43.66
4241424,Tylan Wallace,WR,CLE,43.482
4241263,Charlie Kolar,TE,LAC,42.367
4239086,Desmond Ridder,QB,,42.104749999999996
3121409,Noah Brown,WR,,41.990750000000006
4430871,Sean Tucker,RB,TB,41.927499999999995
16002,Kyle Juszczyk,RB,SF,41.146000000000015
3044720,Joshua Dobbs,QB,DET,41.11725
16731,Brandin Cooks,WR,,40.903749999999974
4613104,Malachi Corley,WR,CLE,40.78800000000001
4360086,Josh Whyle,TE,GB,40.335
4360438,Brandon Aiyuk,WR,SF,40.12550000000001
15795,DeAndre Hopkins,WR,,39.71749999999999
3134353,Tim Patrick,WR,NYJ,39.52375000000002
4880236,Will Kacmarek,TE,MIA,39.51
3915486,Tyler Conklin,TE,DET,39.43099999999997
4879276,Bryce Lance,WR,NO,39.21
4037235,Greg Dortch,WR,DET,39.01724999999996
5092508,Colbie Young,WR,CIN,38.99
3921690,Josh Oliver,TE,MIN,38.942499999999995
3911853,Adam Trautman,TE,DEN,38.186499999999995
4369863,Cedric Tillman,WR,CLE,37.88049999999997
2991662,Mack Hollins,WR,NE,37.81349999999999
4431588,Ja'Tavion Sanders,TE,CAR,37.76299999999999
2976592,Sterling Shepard,WR,,37.7015
4426496,Cade Stover,TE,HOU,37.571499999999986
3149687,Chris Brooks,RB,GB,37.114999999999995
4831959,Eli Raridon,TE,NE,37.0
4690923,Ben Sinnott,TE,WSH,36.7705
4426948,Luke McCaffrey,WR,WSH,36.74649999999998
14012,Andy Dalton,QB,PHI,36.633999999999986
4685201,Tanner McKee,QB,PHI,36.39499999999999
4429275,Trey Benson,RB,ARI,35.65850000000001
4874509,DJ Giddens,RB,IND,35.23
4869748,Zavion Thomas,WR,CHI,34.69
4692835,Jalen Brooks,WR,ARI,34.56799999999999
4431268,Chimere Dike,WR,TEN,34.38
4426407,Trey Palmer,WR,NO,34.165999999999976
4431545,Will Shipley,RB,PHI,33.98600000000001
3127310,Drew Sample,TE,CIN,33.9105
4602667,Jaylin Lane,WR,WSH,33.87
4711533,Ollie Gordon II,RB,MIA,33.82
4427600,Terrell Jennings,RB,,33.75314999999998
4240703,Kenny Pickett,QB,CAR,33.58274999999999
4241372,Hollywood Brown,WR,PHI,33.39
5088338,Elijah Sarratt,WR,BAL,33.04
4685307,Kevin Coleman Jr.,WR,MIA,32.86
4430841,Carson Beck,QB,ARI,32.46
4696882,Devontez Walker,WR,BAL,32.447500000000005
4259147,Jake Tonges,TE,SF,32.38
3118892,Justin Watson,WR,HOU,32.29900000000001
4372071,Hassan Haskins,RB,NE,32.26600000000002
4035004,Mecole Hardman Jr.,WR,BUF,31.932500000000005
4426485,Jonathan Mingo,WR,DAL,31.437999999999985
3052897,Durham Smythe,TE,BAL,31.327000000000005
4690013,Rasheen Ali,RB,BAL,30.962499999999977
4567096,John Metchie III,WR,CAR,30.708999999999996
2574511,Brandon Allen,QB,NYG,30.357250000000008
4808839,Isaiah Bond,WR,CLE,30.18
4243389,Calvin Austin III,WR,NYG,30.01
3052096,Johnny Mundt,TE,PHI,29.79749999999999
3120348,JuJu Smith-Schuster,WR,NYG,29.743999999999996
4429835,George Holani,RB,SEA,29.5975
2998565,Mo Alie-Cox,TE,IND,29.290000000000006
4240391,Tommy DeVito,QB,NE,29.28475000000001
4361516,Daniel Bellinger,TE,TEN,29.155
2576399,Nick Vannett,TE,SEA,28.932500000000008
14163,Tyrod Taylor,QB,GB,28.834249999999987
4241476,Tyrell Shavers,WR,BUF,28.670500000000004
4710855,Konata Mumpfield,WR,LAR,28.57
4431492,Roman Wilson,WR,PIT,28.37
4244049,Quintin Morris,TE,JAX,28.1965
4696044,Kaelon Black,RB,SF,28.19
4567156,Treylon Burks,WR,WSH,28.183499999999995
15807,Cordarrelle Patterson,RB,,28.100000000000005
4383440,Nate Adkins,TE,DEN,27.861000000000015
4048228,John Bates,TE,WSH,27.849000000000014
4683153,Skyler Bell,WR,BUF,27.84
3050481,Tanner Hudson,TE,CIN,27.784499999999998
4360698,Joe Milton III,QB,DAL,27.6065
4383396,Hunter Luepke,RB,DAL,27.514000000000003
4573699,Jackson Hawes,TE,BUF,27.42
4431574,Eli Stowers,TE,PHI,27.33
2310331,Tyler Johnson,WR,DAL,27.24275
4685553,Brenen Thompson,WR,LAC,27.23
4259308,Raheem Blackshear,RB,DET,26.831500000000005
4361372,Jeremy Ruckert,TE,NYJ,26.797500000000003
4039057,Lil'Jordan Humphrey,WR,DEN,26.603999999999996
4241374,Grant Calcaterra,TE,PHI,26.554999999999993
2983509,Dare Ogunbowale,RB,LV,26.31350000000001
4362477,Derius Davis,WR,LAC,26.089999999999993
4573697,Mason Tipton,WR,NO,25.979499999999987
3924327,Drew Lock,QB,SEA,25.754750000000005
4427985,Bub Means,WR,NO,25.616500000000006
4569371,Isaiah Williams,WR,NYJ,25.519377380952385
3128720,Nick Chubb,RB,,25.400499999999994
3127586,Jeremy McNichols,RB,WSH,25.368000000000006
4426553,Davis Allen,TE,LAR,25.201499999999996
4431562,Phil Mafah,RB,DAL,25.0
3930066,Van Jefferson,WR,WSH,24.788750000000004
2576414,Raheem Mostert,RB,,24.462999999999987
4361112,Devin Culp,TE,TB,24.439699999999984
4360739,Simi Fehoko,WR,ARI,24.33549999999999
4428209,Ricky Pearsall,WR,SF,24.293499999999998
4430637,Ja'Lynn Polk,WR,NO,24.20699999999999
4685526,Adam Randall,RB,BAL,24.08
4241961,Connor Heyward,RB,LV,23.937499999999993
4242392,Brock Wright,TE,DET,23.889999999999993
4243003,Ronnie Rivers,RB,LAR,23.568499999999993
4372505,Payne Durham,TE,TB,23.466499999999996
4883647,Elic Ayomanor,WR,TEN,23.38
4241401,Trey Sermon,RB,ATL,22.602000000000004
4698191,Chris Collier,RB,LV,22.58833333333334
3047876,KhaDarel Hodge,WR,SF,22.3675
4035886,Khalil Herbert,RB,,22.073500000000003
4242540,Isaiah Hodgins,WR,NYG,21.95690000000003
4373030,Ben Sims,TE,MIA,21.823999999999995
4613202,Kyle Williams,WR,NE,21.78
4241802,Jalen Reagor,WR,MIA,21.733499999999978
2980453,Jamaal Williams,RB,,21.430000000000003
3051392,Ezekiel Elliott,RB,,21.220999999999993
4259305,Bo Melton,WR,GB,21.134500000000003
4429676,Tyler Goodson,RB,ATL,20.849999999999994
4430104,Sincere McCormick,RB,SF,20.800500000000007
4608810,Tez Johnson,WR,TB,20.49
4360967,Brevyn Spann-Ford,TE,DAL,20.359999999999985
4250360,Bailey Zappe,QB,NYJ,20.284000000000002
3917668,Alec Ingold,RB,LAC,20.082500000000003
4708486,Jimmy Horn Jr.,WR,CAR,20.0
3059989,Nick Mullens,QB,JAX,19.96725
4040612,Luke Farrell,TE,SF,19.808999999999997
3116593,Dalvin Cook,RB,,19.77105833333332
4039160,Kylen Granson,TE,TEN,19.493999999999986
4685555,Nicholas Singleton,RB,TEN,19.37
4035671,Tyler Huntley,QB,BAL,19.073500000000003
4039358,Patrick Taylor Jr.,RB,SF,19.057000000000006
4240911,Jacob Kibodi,RB,,18.90233333333332
9614,Marcedes Lewis,TE,,18.603932440476193
4686248,Nate Boerkircher,TE,JAX,18.12
4426386,Roschon Johnson,RB,CHI,17.91749999999999
4430870,KeAndre Lambert-Smith,WR,LAC,17.75
4374033,Jermar Jefferson,RB,MIN,17.675899999999977
4702559,Oscar Delp,TE,NO,17.63
4429299,Tahj Brooks,RB,CIN,17.56
5082630,Jalen Royals,WR,KC,17.55
4714365,Carson Steele,RB,PHI,17.484000000000012
4057082,Mason Kinsey,WR,TEN,17.34168571428571
16760,Jimmy Garoppolo,QB,LAR,16.765
4599739,Kendre Miller,RB,NO,16.412000000000003
4250764,Stone Smartt,TE,PHI,16.388999999999996
4362748,Tyler Badie,RB,DEN,16.30650000000001
3051889,Laquon Treadwell,WR,IND,16.27
4045163,Miles Sanders,RB,,16.09649999999999
4044144,Kenny Yeboah,TE,ARI,15.99750000000001
3052056,River Cracraft,WR,WSH,15.984499999999995
3122168,Trent Sherfield,WR,BUF,15.947999999999997
3892775,Jarrett Stidham,QB,DEN,15.941999999999993
2573079,Carson Wentz,QB,MIN,15.88650000000001
4249836,Pierre Strong Jr.,RB,GB,15.776499999999997
4432775,Dont'e Thornton Jr.,WR,LV,15.77
4365395,Julian Hill,TE,NE,15.706499999999995
4367567,Julius Chestnut,RB,TEN,15.663500000000006
4565859,Joe Royer,TE,CLE,15.55
4372758,Kevin Austin Jr.,WR,NO,15.19250000000001
4035656,Ben Skowronek,WR,PIT,15.180000000000007
4239944,Hunter Long,TE,JAX,15.162000000000004
4434153,Tyson Bagent,QB,CHI,15.082000000000003
3929637,Dan Chisena,WR,CAR,15.065000000000008
4832846,Demond Claiborne,RB,MIN,14.9
4362018,Blake Whiteheart,TE,CLE,14.896000000000004
4685246,Kaytron Allen,RB,WSH,14.74
2975863,Eric Saubert,TE,SEA,14.652999999999999
4686468,Seth McGowan,RB,IND,14.6
3916566,K.J. Osborn,WR,TEN,14.555500000000004
4361777,Zamir White,RB,SF,14.527000000000005
16733,Odell Beckham Jr.,WR,NYG,14.4745
4044111,Chris Oladokun,QB,KC,14.462499999999986
4362630,Terrace Marshall Jr.,WR,MIA,14.356000000000009
2515270,Michael Burton,RB,CLE,14.159499999999998
4430723,Jared Wiley,TE,KC,14.059633333333343
4360231,Lucas Krull,TE,DEN,14.022000000000002
3125107,Andrew Beck,RB,NYJ,13.947114285714285
4685350,Trevor Etienne,RB,CAR,13.68
4039505,Reggie Gilliam,RB,NE,13.391500000000006
3123075,Braxton Berrios,WR,NYG,13.378833333333326
4242431,Ty Chandler,RB,NO,13.346000000000004
3926231,Britain Covey,WR,PHI,13.311999999999994
4686104,Johnny Wilson,WR,PHI,13.154000000000003
4244856,Austin Trammell,WR,JAX,13.147500000000003
4241983,Cody White,WR,SEA,13.1165
4429684,Anthony Gould,WR,IND,12.931125000000007
4575665,Jacob Cowing,WR,SF,12.896999999999993
2971281,Pharaoh Brown,TE,IND,12.763500000000008
4242214,Clyde Edwards-Helaire,RB,,12.711500000000003
3928925,JaMycal Hasty,RB,NE,12.705499999999994
4360405,Jake Bobo,WR,SEA,12.470500000000005
4428811,Xavier Weaver,WR,ARI,11.906366666666655
4430191,Skyy Moore,WR,GB,11.906366666666655
4372063,Ronnie Bell,WR,NO,11.720500000000008
4428085,Luke Musgrave,TE,GB,11.690999999999999
4257188,Charlie Jones,WR,CIN,11.521133333333326
3115293,Kyle Allen,QB,BUF,11.374500000000008
4245131,Tim Jones,WR,JAX,11.35700000000001
4698597,Barion Brown,WR,NO,11.14
4372716,Nikko Remigio,WR,KC,11.052000000000005
3929914,Adam Prentice,RB,DEN,10.898025
4685522,Ty Simpson,QB,LAR,10.8
4034946,Kyle Trask,QB,CAR,10.785
4714771,Drew Allar,QB,PIT,10.59
4045305,Ian Thomas,TE,LV,10.382500000000004
4570561,Eric Gray,RB,NYG,10.364999999999998
3127306,Dante Pettis,WR,BUF,10.055500000000002
11394,Josh Johnson,QB,CIN,9.98875000000001
4035020,Charlie Woerner,TE,ATL,9.851999999999999
4683423,Riley Leonard,QB,IND,9.62
4690070,Mitchell Tinsley,WR,CIN,9.6
3886812,Jake Browning,QB,TB,9.530250000000002
4605951,CJ Daniels,WR,LAR,9.32
5097554,Kameron Johnson,WR,TB,9.18991666666668
4833029,Max Klare,TE,LAR,9.13
4391845,Cody Schrader,RB,DEN,8.925000000000004
4685413,Cade Klubnik,QB,NYJ,8.89
4912052,Justin Joly,TE,DEN,8.8
4696700,Tip Reiman,TE,ARI,8.706000000000001
4426875,Sam Howell,QB,DAL,8.640583333333336
4917427,Tanner Koziol,TE,JAX,8.56
4034779,Ko Kieft,TE,TB,8.5
4596545,CJ Dippre,TE,NE,8.5
4685504,Sam Roush,TE,CHI,8.32
4695705,Marlin Klein,TE,HOU,8.28
4037457,Travis Homer,RB,PIT,8.272000000000002
4722908,Drew Ogletree,TE,IND,8.21
5160110,Jahdae Walker,WR,CHI,8.11
4565185,Tai Felton,WR,MIN,8.08
4432260,Matthew Hibner,TE,BAL,8.06
4876132,Josh Cuevas,TE,BAL,8.06
4889929,Quinn Ewers,QB,MIA,7.87
4878695,Max Bredeson,RB,MIN,7.83
4715355,Darius Cooper,WR,PHI,7.74
4240600,Kadarius Toney,WR,,7.6517083333333265
4039050,Devin Duvernay,WR,ARI,7.633999999999995
4426364,Baylor Cupp,TE,ARI,7.625259985847487
2975417,Patrick Ricard,RB,NYG,7.526500000000002
4240631,DeeJay Dallas,RB,JAX,7.3315
4693370,Riley Nowakowski,RB,PIT,7.2
4869132,Reggie Virgil,WR,ARI,7.17
4429262,Jaheim Bell,TE,PIT,7.125666666666669
4428678,Jamari Thrash,WR,CLE,7.107500000000001
4240573,Ihmir Smith-Marsette,WR,ARI,6.999495238095239
4401805,Dareke Young,WR,LV,6.999495238095239
3126997,Tom Kennedy,WR,DET,6.999495238095239
4240858,Hendon Hooker,QB,TEN,6.669499999999997
4429939,Jawhar Jordan,RB,HOU,6.49
4373273,British Brooks,RB,HOU,6.345366666666671
4366963,Dylan Laube,RB,LV,6.283127579365081
4035537,Kene Nwangwu,RB,NYJ,6.283127579365081
4360763,Brycen Tremayne,WR,CAR,6.267233333333332
4034862,Jack Stoll,TE,CLE,5.61925
2531358,Chris Manhertz,TE,NYG,5.553400000000003
4912274,Sione Vaki,RB,DET,5.494499999999997
4012556,C.J. Ham,RB,MIN,5.488499999999998
4692590,Jalin Hyatt,WR,NYG,4.519
4819231,Kaleb Johnson,RB,PIT,4.26
4035693,Velus Jones Jr.,RB,SEA,3.4960000000000013
4429105,Arian Smith,WR,NYJ,3.14
4362504,Brevin Jordan,TE,HOU,2.9765
4373684,Scott Matlock,RB,LAC,2.7689999999999997
4369886,Chris Blair,WR,ATL,2.6415
4565908,Tyler Scott,WR,LAR,2.150299999999998
3052177,John Ross,WR,,1.6526857142857139
5081338,Kaden Wetjen,WR,PIT,1.47
-16008,Lions D/ST,D/ST,DET,0.0
-16011,Colts D/ST,D/ST,IND,0.0
3051909,Daniel Carlson,K,,0.0
4429805,Frank Gore Jr.,RB,BUF,0.0
4685477,Jam Miller,RB,NE,0.0
-16034,Texans D/ST,D/ST,HOU,0.0
4361100,Jack Westover,RB,NE,0.0
-16019,Giants D/ST,D/ST,NYG,0.0
4427238,Dillon Gabriel,QB,CLE,0.0
4259553,Stetson Bennett IV,QB,LAR,0.0
4696736,Tanner Brown,K,NO,0.0
4431325,Taylen Green,QB,CLE,0.0
11122,Matt Prater,K,,0.0
5529,Philip Rivers,QB,IND,0.0
4429202,Israel Abanikanda,RB,DAL,0.0
3049899,Younghoe Koo,K,,0.0
5091739,Chris Brazzell II,WR,CAR,0.0
4430656,Myles Price,WR,MIN,0.0
12460,Graham Gano,K,,0.0
-16033,Ravens D/ST,D/ST,BAL,0.0
3043234,Zane Gonzalez,K,MIA,0.0
-16014,Rams D/ST,D/ST,LAR,0.0
-16018,Saints D/ST,D/ST,NO,0.0
-16017,Patriots D/ST,D/ST,NE,0.0
4249616,Owen Wright,RB,HOU,0.0
5178972,Jakobie Keeney-James,WR,PIT,0.0
4362162,SaRodorick Thompson Jr.,RB,,0.0
4430388,DeWayne McBride,RB,,0.0
4427105,Max Duggan,QB,,0.0
4594749,Michael Trigg,TE,DAL,0.0
4239934,AJ Dillon,RB,CAR,0.0
16728,Teddy Bridgewater,QB,DET,0.0
15965,Dustin Hopkins,K,,0.0
-16021,Eagles D/ST,D/ST,PHI,0.0
-16015,Dolphins D/ST,D/ST,MIA,0.0
-16007,Broncos D/ST,D/ST,DEN,0.0
4240069,Malik Cunningham,WR,DET,0.0
2579604,Phillip Dorsett II,WR,LV,0.0
4431465,Behren Morton,QB,NE,0.0
4039034,Shane Buechele,QB,BUF,0.0
4361653,Devin Leary,QB,,0.0
3128444,Matthew Wright,K,,0.0
4241555,Elijah Mitchell,RB,,0.0
5208436,Louis Rees-Zammit,RB,,0.0
4361417,Zack Kuntz,TE,DAL,0.0
4426535,Theo Wease Jr.,WR,MIA,0.0
4433971,Kyle McCord,QB,GB,0.0
4242519,Anders Carlson,K,,0.0
4372070,Ben VanSumeren,RB,BUF,0.0
4685381,Emmanuel Henderson Jr.,WR,SEA,0.0
4432722,Athan Kaliakmanis,QB,WSH,0.0
4361765,Brayden Narveson,K,,0.0
4683159,Lewis Bond,WR,HOU,0.0
4361259,Zach Wilson,QB,NO,0.0
4383429,Jacob Saylors,RB,DET,0.0
14993,Greg Zuerlein,K,,0.0
4372066,Jake Moody,K,WSH,0.0
-16004,Bengals D/ST,D/ST,CIN,0.0
-16022,Cardinals D/ST,D/ST,ARI,0.0
15683,Justin Tucker,K,,0.0
4240603,Malik Davis,RB,DAL,0.0
4361088,Colson Yankoff,TE,WSH,0.0
4429121,Kalel Mullings,RB,TEN,0.0
4596602,Brashard Smith,RB,KC,0.0
4566158,Ben Sauls,K,NYG,0.0
4601080,Raheim Sanders,RB,CLE,0.0
3914397,Scotty Miller,WR,CHI,0.0
4242536,Sal Cannella,TE,,0.0
4567747,Garrett Nussmeier,QB,KC,0.0
4362452,Jaret Patterson,RB,LAC,0.0
4241820,Sam Ehlinger,QB,DEN,0.0
-16005,Browns D/ST,D/ST,CLE,0.0
4879194,Josh Cameron,WR,JAX,0.0
4690143,LaJohntay Wester,WR,BAL,0.0
-16002,Bills D/ST,D/ST,BUF,0.0
-16030,Jaguars D/ST,D/ST,JAX,0.0
-16024,Chargers D/ST,D/ST,LAC,0.0
4569682,Audric Estime,RB,NO,0.0
5081508,Eli Heidenreich,RB,PIT,0.0
4427728,Bam Knight,RB,ARI,0.0
16339,Brandon McManus,K,,0.0
4249030,D.J. Montgomery,WR,IND,0.0
3871102,David Sills V,WR,TB,0.0
4241410,Jelani Woods,TE,NYJ,0.0
4374045,Teagan Quitoriano,TE,ARI,0.0
-16013,Raiders D/ST,D/ST,LV,0.0
-16001,Falcons D/ST,D/ST,ATL,0.0
-16020,Jets D/ST,D/ST,NYJ,0.0
-16029,Panthers D/ST,D/ST,CAR,0.0
4683243,Mitchell Evans,TE,CAR,0.0
-16023,Steelers D/ST,D/ST,PIT,0.0
-16028,Commanders D/ST,D/ST,WSH,0.0
4431479,Ricky White III,WR,SEA,0.0
-16025,49ers D/ST,D/ST,SF,0.0
-16016,Vikings D/ST,D/ST,MIN,0.0
-16012,Chiefs D/ST,D/ST,KC,0.0
-16006,Cowboys D/ST,D/ST,DAL,0.0
4571557,Spencer Shrader,K,IND,0.0
4432734,Jalen Milroe,QB,SEA,0.0
4682652,Devin Neal,RB,NO,0.0
4695193,Efton Chism III,WR,NE,0.0
2975674,Robert Tonyan,TE,PIT,0.0
4424106,Gunner Olszewski,WR,NYG,0.0
4248425,Carlos Washington Jr.,RB,MIA,0.0
4429955,Will Howard,QB,PIT,0.0
4691688,Robbie Ouzts,RB,SEA,0.0
4428116,Isaiah Neyor,WR,GB,0.0
4431509,Kaden Prather,WR,GB,0.0
4426689,Ulysses Bentley IV,RB,IND,0.0
4605841,Nathan Carter,RB,ATL,0.0
4431431,Corey Kiner,RB,ARI,0.0
4431536,Donovan Edwards,RB,MIA,0.0
4431353,Xavier Restrepo,WR,TEN,0.0
3821683,Austin Seibert,K,,0.0
-16010,Titans D/ST,D/ST,TEN,0.0
4257364,Zavier Scott,RB,MIN,0.0
4036032,Brittain Brown,RB,CHI,0.0
4240577,Brandon Smith,WR,PIT,0.0
4685039,Michael Pratt,QB,,0.0
4360799,Jordan Travis,QB,,0.0
4360637,Jeshaun Jones,WR,MIN,0.0
4683151,Deion Burks,WR,IND,0.0
4613050,Quentin Skinner,WR,BUF,0.0
-16003,Bears D/ST,D/ST,CHI,0.0
4429466,Drake Dabney,TE,GB,0.0
4242526,John Samuel Shenker,TE,,0.0
5092436,Jude McAtamney,K,,0.0
-16027,Buccaneers D/ST,D/ST,TB,0.0
-16009,Packers D/ST,D/ST,GB,0.0
4051167,Parker Romo,K,,0.0
4245661,Lucas Havrisik,K,,0.0
4698253,Lan Larison,RB,NE,0.0
3123052,Michael Badgley,K,,0.0
3728262,Ray-Ray McCloud III,WR,CHI,0.0
4243315,Salvon Ahmed,RB,CHI,0.0
4596439,Dominic Lovett,WR,DET,0.0
15168,Case Keenum,QB,CHI,0.0
4877203,Gage Larvadain,WR,CLE,0.0
4429435,Brady Cook,QB,NYJ,0.0
4808830,Damien Martinez,RB,GB,0.0
4572786,Dennis Houston,WR,TB,0.0
3914307,Maurice Alexander,WR,CHI,0.0
4431466,Jordan Watkins,WR,SF,0.0
4035115,Albert Okwuegbunam Jr.,TE,LV,0.0
4050373,Quez Watkins,WR,PHI,0.0
4708049,Gavin Bartholomew,TE,MIN,0.0
4878878,Amar Johnson,RB,LAC,0.0
4570738,Ke'Shawn Williams,WR,CIN,0.0
4430431,Kurtis Rourke,QB,SF,0.0
4245645,Gary Brightwell,RB,CIN,0.0
4372026,Cameron Latu,TE,PHI,0.0
4259592,Sean Clifford,QB,CIN,0.0
4569609,Evan Hull,RB,ARI,0.0
4566192,Joshua Karty,K,,0.0
4573398,Max Brosmer,QB,MIN,0.0
4879250,Cole Payton,QB,PHI,0.0
3975763,Greg Joseph,K,,0.0
2576581,Chris Moore,WR,BAL,0.0
4034704,Michael Bandy,WR,DEN,0.0
4363551,Dylan Drummond,WR,ATL,0.0
4426479,Cornelius Johnson,WR,BAL,0.0
4775196,Tommy Mellott,WR,,0.0
4432338,Luke Lachey,TE,GB,0.0
3115928,Malik Turner,WR,SF,0.0
4710341,Jarquez Hunter,RB,LAR,0.0
4689988,Jason Brownlee,WR,KC,0.0
5065495,Kaden Davis,WR,CHI,0.0
4428119,Lew Nichols,RB,PIT,0.0
4429012,Kendall Milton,RB,CIN,0.0
-16026,Seahawks D/ST,D/ST,SEA,0.0
4568024,Josh Williams,RB,TB,0.0
4570688,Caden Davis,K,,0.0
4428963,Cade York,K,NYJ,0.0
3120590,Easton Stick,QB,IND,0.0
4035222,Trayveon Williams,RB,DET,0.0
4693331,Cam Miller,QB,MIA,0.0
3948283,Stephen Carlson,TE,CHI,0.0
3932442,Equanimeous St. Brown,WR,,0.0
4426335,Graham Mertz,QB,HOU,0.0
4567506,Tahj Washington,WR,MIA,0.0
4243176,Brady Russell,RB,SEA,0.0
